application_id,candidate_id,job_id,applied_date,stage,status
1,172,2,2025-09-10,Hired,Hired
2,128,30,2025-07-25,Offered,Offered
3,81,3,2025-10-08,Rejected,Rejected
4,124,27,2025-08-28,Rejected,Rejected
5,15,25,2025-09-08,Interviewed,Interviewed
6,141,35,2025-06-17,Interviewed,Interviewed
7,72,23,2025-07-17,Hired,Hired
8,339,24,2025-08-29,Applied,Applied
9,237,49,2025-09-10,Applied,Applied
10,386,39,2025-08-18,Shortlisted,Shortlisted
11,101,26,2025-07-03,Interviewed,Interviewed
12,327,17,2025-06-28,Hired,Hired
13,92,44,2025-06-26,Shortlisted,Shortlisted
14,405,48,2025-07-17,Shortlisted,Shortlisted
15,102,16,2025-08-06,Applied,Applied
16,369,14,2025-08-26,Offered,Offered
17,203,16,2025-08-21,Applied,Applied
18,151,38,2025-08-17,Shortlisted,Shortlisted
19,170,20,2025-05-28,Shortlisted,Shortlisted
20,332,22,2025-05-25,Offered,Offered
21,344,11,2025-05-30,Interviewed,Interviewed
22,354,41,2025-09-15,Interviewed,Interviewed
23,98,47,2025-07-30,Hired,Hired
24,128,22,2025-05-30,Applied,Applied
25,26,39,2025-05-31,Hired,Hired
26,246,15,2025-07-06,Applied,Applied
27,295,4,2025-09-06,Interviewed,Interviewed
28,108,11,2025-06-08,Applied,Applied
29,421,5,2025-06-18,Rejected,Rejected
30,346,28,2025-06-03,Offered,Offered
31,323,29,2025-09-29,Applied,Applied
32,105,49,2025-07-01,Interviewed,Interviewed
33,265,34,2025-09-20,Shortlisted,Shortlisted
34,276,26,2025-09-21,Shortlisted,Shortlisted
35,127,10,2025-07-04,Hired,Hired
36,442,7,2025-08-08,Rejected,Rejected
37,439,17,2025-05-19,Interviewed,Interviewed
38,233,39,2025-08-12,Interviewed,Interviewed
39,14,13,2025-07-24,Shortlisted,Shortlisted
40,100,37,2025-10-05,Rejected,Rejected
41,271,50,2025-06-04,Shortlisted,Shortlisted
42,15,39,2025-09-18,Rejected,Rejected
43,187,15,2025-09-01,Shortlisted,Shortlisted
44,113,7,2025-07-01,Interviewed,Interviewed
45,6,6,2025-09-25,Applied,Applied
46,368,34,2025-09-02,Hired,Hired
47,364,50,2025-09-25,Rejected,Rejected
48,226,12,2025-09-02,Applied,Applied
49,440,9,2025-07-04,Hired,Hired
50,66,47,2025-08-13,Rejected,Rejected
51,338,43,2025-07-13,Applied,Applied
52,489,36,2025-07-26,Applied,Applied
53,104,25,2025-05-27,Shortlisted,Shortlisted
54,382,39,2025-06-01,Offered,Offered
55,439,9,2025-05-27,Shortlisted,Shortlisted
56,467,21,2025-09-10,Shortlisted,Shortlisted
57,375,48,2025-08-05,Offered,Offered
58,61,8,2025-09-04,Applied,Applied
59,382,1,2025-07-10,Rejected,Rejected
60,437,27,2025-08-29,Hired,Hired
61,216,21,2025-07-27,Applied,Applied
62,355,4,2025-06-08,Rejected,Rejected
63,128,45,2025-06-15,Shortlisted,Shortlisted
64,119,18,2025-06-13,Rejected,Rejected
65,176,7,2025-08-07,Interviewed,Interviewed
66,463,38,2025-10-05,Interviewed,Interviewed
67,144,30,2025-07-01,Interviewed,Interviewed
68,454,16,2025-06-03,Offered,Offered
69,257,47,2025-06-09,Offered,Offered
70,151,5,2025-08-22,Applied,Applied
71,175,46,2025-09-11,Hired,Hired
72,492,29,2025-08-17,Interviewed,Interviewed
73,29,48,2025-09-07,Interviewed,Interviewed
74,270,16,2025-05-29,Interviewed,Interviewed
75,11,7,2025-07-27,Shortlisted,Shortlisted
76,117,48,2025-06-13,Interviewed,Interviewed
77,337,19,2025-10-06,Hired,Hired
78,346,48,2025-08-12,Applied,Applied
79,280,27,2025-10-07,Applied,Applied
80,235,20,2025-09-03,Shortlisted,Shortlisted
81,13,48,2025-09-23,Offered,Offered
82,456,20,2025-06-21,Offered,Offered
83,219,7,2025-09-02,Offered,Offered
84,364,41,2025-10-02,Hired,Hired
85,56,40,2025-09-01,Rejected,Rejected
86,13,43,2025-10-02,Hired,Hired
87,480,45,2025-08-29,Offered,Offered
88,228,43,2025-06-11,Applied,Applied
89,51,38,2025-08-20,Hired,Hired
90,418,47,2025-07-02,Rejected,Rejected
91,150,14,2025-06-27,Shortlisted,Shortlisted
92,423,24,2025-08-18,Shortlisted,Shortlisted
93,139,38,2025-10-02,Shortlisted,Shortlisted
94,404,16,2025-07-22,Offered,Offered
95,81,46,2025-08-30,Applied,Applied
96,327,32,2025-07-23,Applied,Applied
97,57,44,2025-09-20,Rejected,Rejected
98,377,3,2025-08-18,Hired,Hired
99,423,23,2025-05-30,Shortlisted,Shortlisted
100,433,19,2025-07-06,Interviewed,Interviewed
101,375,29,2025-08-07,Rejected,Rejected
102,341,13,2025-08-01,Shortlisted,Shortlisted
103,262,46,2025-07-14,Rejected,Rejected
104,363,4,2025-07-30,Rejected,Rejected
105,338,42,2025-05-24,Offered,Offered
106,410,37,2025-09-26,Interviewed,Interviewed
107,476,2,2025-07-18,Rejected,Rejected
108,342,37,2025-06-11,Interviewed,Interviewed
109,209,22,2025-08-20,Interviewed,Interviewed
110,430,22,2025-07-04,Applied,Applied
111,325,9,2025-05-28,Interviewed,Interviewed
112,305,7,2025-06-28,Interviewed,Interviewed
113,46,42,2025-10-02,Hired,Hired
114,314,17,2025-09-07,Offered,Offered
115,324,41,2025-07-16,Hired,Hired
116,47,27,2025-07-12,Rejected,Rejected
117,61,2,2025-07-03,Shortlisted,Shortlisted
118,238,47,2025-09-03,Applied,Applied
119,135,5,2025-08-10,Interviewed,Interviewed
120,139,8,2025-09-26,Rejected,Rejected
121,457,39,2025-07-22,Rejected,Rejected
122,194,13,2025-09-14,Interviewed,Interviewed
123,136,7,2025-08-24,Offered,Offered
124,291,1,2025-08-15,Applied,Applied
125,323,50,2025-07-25,Offered,Offered
126,131,9,2025-07-25,Applied,Applied
127,475,4,2025-08-15,Offered,Offered
128,121,29,2025-08-25,Applied,Applied
129,439,13,2025-09-12,Applied,Applied
130,364,32,2025-06-03,Offered,Offered
131,426,39,2025-05-18,Hired,Hired
132,35,10,2025-09-16,Applied,Applied
133,262,39,2025-09-07,Hired,Hired
134,355,12,2025-08-14,Interviewed,Interviewed
135,244,2,2025-10-03,Shortlisted,Shortlisted
136,221,31,2025-08-27,Shortlisted,Shortlisted
137,64,30,2025-08-24,Interviewed,Interviewed
138,83,39,2025-07-23,Applied,Applied
139,32,40,2025-09-24,Applied,Applied
140,186,4,2025-05-29,Shortlisted,Shortlisted
141,3,15,2025-09-06,Shortlisted,Shortlisted
142,181,13,2025-08-03,Interviewed,Interviewed
143,195,39,2025-09-27,Offered,Offered
144,422,8,2025-07-23,Applied,Applied
145,328,18,2025-08-11,Applied,Applied
146,488,47,2025-09-08,Rejected,Rejected
147,458,15,2025-07-21,Applied,Applied
148,386,24,2025-08-02,Hired,Hired
149,20,34,2025-09-20,Hired,Hired
150,94,14,2025-09-07,Applied,Applied
151,269,29,2025-05-27,Shortlisted,Shortlisted
152,452,45,2025-09-20,Shortlisted,Shortlisted
153,406,14,2025-08-24,Hired,Hired
154,193,22,2025-06-26,Applied,Applied
155,111,11,2025-05-21,Offered,Offered
156,208,30,2025-09-04,Interviewed,Interviewed
157,435,25,2025-07-19,Shortlisted,Shortlisted
158,363,44,2025-08-02,Hired,Hired
159,192,33,2025-08-07,Rejected,Rejected
160,203,33,2025-07-31,Shortlisted,Shortlisted
161,270,44,2025-06-05,Rejected,Rejected
162,21,9,2025-08-11,Applied,Applied
163,294,34,2025-06-24,Shortlisted,Shortlisted
164,340,45,2025-09-24,Rejected,Rejected
165,271,8,2025-06-12,Applied,Applied
166,237,9,2025-05-31,Shortlisted,Shortlisted
167,353,8,2025-05-28,Shortlisted,Shortlisted
168,390,32,2025-06-19,Hired,Hired
169,423,33,2025-08-01,Applied,Applied
170,212,10,2025-05-26,Rejected,Rejected
171,494,5,2025-07-22,Applied,Applied
172,159,37,2025-10-04,Interviewed,Interviewed
173,489,42,2025-10-06,Interviewed,Interviewed
174,58,46,2025-07-04,Shortlisted,Shortlisted
175,406,2,2025-07-15,Hired,Hired
176,381,45,2025-09-16,Offered,Offered
177,179,26,2025-06-11,Interviewed,Interviewed
178,463,45,2025-06-04,Rejected,Rejected
179,94,23,2025-05-18,Offered,Offered
180,178,47,2025-09-19,Applied,Applied
181,314,8,2025-08-19,Offered,Offered
182,62,28,2025-08-11,Rejected,Rejected
183,80,50,2025-09-17,Interviewed,Interviewed
184,298,37,2025-08-11,Interviewed,Interviewed
185,466,11,2025-09-08,Offered,Offered
186,52,1,2025-09-03,Applied,Applied
187,298,11,2025-05-24,Offered,Offered
188,106,49,2025-10-02,Rejected,Rejected
189,25,22,2025-05-18,Rejected,Rejected
190,58,27,2025-05-19,Rejected,Rejected
191,179,2,2025-06-09,Interviewed,Interviewed
192,77,39,2025-05-26,Applied,Applied
193,435,13,2025-06-25,Hired,Hired
194,232,28,2025-08-17,Interviewed,Interviewed
195,208,8,2025-10-02,Interviewed,Interviewed
196,321,24,2025-05-31,Interviewed,Interviewed
197,138,25,2025-06-02,Shortlisted,Shortlisted
198,183,12,2025-05-19,Interviewed,Interviewed
199,261,45,2025-07-15,Interviewed,Interviewed
200,13,22,2025-06-12,Hired,Hired
201,327,49,2025-09-29,Shortlisted,Shortlisted
202,297,24,2025-08-17,Shortlisted,Shortlisted
203,292,6,2025-07-24,Offered,Offered
204,30,35,2025-08-07,Rejected,Rejected
205,26,31,2025-05-26,Applied,Applied
206,170,29,2025-05-24,Applied,Applied
207,386,46,2025-07-30,Hired,Hired
208,288,31,2025-08-31,Rejected,Rejected
209,344,26,2025-06-26,Hired,Hired
210,246,22,2025-07-29,Applied,Applied
211,352,46,2025-06-16,Shortlisted,Shortlisted
212,17,2,2025-07-29,Offered,Offered
213,253,33,2025-07-06,Applied,Applied
214,216,17,2025-08-25,Applied,Applied
215,323,18,2025-08-28,Hired,Hired
216,469,5,2025-07-29,Applied,Applied
217,93,22,2025-09-14,Rejected,Rejected
218,271,25,2025-06-12,Offered,Offered
219,227,16,2025-06-06,Interviewed,Interviewed
220,479,36,2025-07-18,Rejected,Rejected
221,216,21,2025-07-25,Shortlisted,Shortlisted
222,94,26,2025-05-29,Offered,Offered
223,103,25,2025-07-31,Applied,Applied
224,212,7,2025-07-28,Applied,Applied
225,165,49,2025-06-27,Interviewed,Interviewed
226,58,4,2025-08-29,Offered,Offered
227,230,29,2025-08-23,Applied,Applied
228,446,18,2025-08-01,Hired,Hired
229,79,43,2025-06-29,Shortlisted,Shortlisted
230,225,45,2025-10-07,Hired,Hired
231,97,44,2025-08-03,Interviewed,Interviewed
232,457,12,2025-08-21,Hired,Hired
233,326,17,2025-10-03,Offered,Offered
234,226,20,2025-05-24,Offered,Offered
235,466,23,2025-08-18,Shortlisted,Shortlisted
236,184,8,2025-07-26,Rejected,Rejected
237,145,16,2025-07-31,Rejected,Rejected
238,48,10,2025-08-12,Shortlisted,Shortlisted
239,228,49,2025-05-25,Shortlisted,Shortlisted
240,129,17,2025-05-29,Hired,Hired
241,427,1,2025-09-25,Applied,Applied
242,63,36,2025-08-17,Hired,Hired
243,286,39,2025-05-30,Rejected,Rejected
244,87,31,2025-08-18,Applied,Applied
245,483,37,2025-08-23,Offered,Offered
246,333,48,2025-08-21,Applied,Applied
247,358,38,2025-08-14,Shortlisted,Shortlisted
248,372,43,2025-06-25,Interviewed,Interviewed
249,239,18,2025-06-05,Offered,Offered
250,142,44,2025-08-11,Hired,Hired
251,439,17,2025-07-02,Offered,Offered
252,89,49,2025-09-19,Applied,Applied
253,284,45,2025-09-09,Applied,Applied
254,292,24,2025-09-11,Hired,Hired
255,441,43,2025-06-16,Interviewed,Interviewed
256,142,46,2025-07-01,Rejected,Rejected
257,95,21,2025-09-05,Shortlisted,Shortlisted
258,56,12,2025-08-14,Shortlisted,Shortlisted
259,452,11,2025-07-03,Hired,Hired
260,141,21,2025-08-20,Applied,Applied
261,46,7,2025-08-29,Applied,Applied
262,420,11,2025-09-11,Offered,Offered
263,418,38,2025-06-01,Offered,Offered
264,130,17,2025-08-05,Hired,Hired
265,467,26,2025-05-23,Offered,Offered
266,416,39,2025-10-05,Rejected,Rejected
267,184,49,2025-07-14,Shortlisted,Shortlisted
268,99,30,2025-08-29,Hired,Hired
269,204,25,2025-05-26,Offered,Offered
270,39,32,2025-09-25,Shortlisted,Shortlisted
271,263,11,2025-07-02,Rejected,Rejected
272,267,9,2025-06-26,Applied,Applied
273,414,39,2025-09-08,Shortlisted,Shortlisted
274,392,12,2025-07-02,Applied,Applied
275,323,30,2025-07-21,Shortlisted,Shortlisted
276,257,44,2025-07-03,Offered,Offered
277,381,46,2025-06-24,Hired,Hired
278,461,28,2025-07-11,Applied,Applied
279,43,49,2025-08-29,Hired,Hired
280,169,46,2025-08-11,Shortlisted,Shortlisted
281,72,18,2025-07-25,Rejected,Rejected
282,375,21,2025-09-08,Interviewed,Interviewed
283,213,43,2025-09-19,Interviewed,Interviewed
284,363,43,2025-05-24,Offered,Offered
285,344,38,2025-10-07,Interviewed,Interviewed
286,205,29,2025-06-18,Hired,Hired
287,57,2,2025-08-28,Rejected,Rejected
288,301,34,2025-08-07,Offered,Offered
289,363,32,2025-08-07,Interviewed,Interviewed
290,191,18,2025-05-24,Interviewed,Interviewed
291,263,18,2025-09-16,Rejected,Rejected
292,367,38,2025-08-03,Applied,Applied
293,32,49,2025-09-20,Rejected,Rejected
294,252,30,2025-07-19,Interviewed,Interviewed
295,378,18,2025-05-23,Hired,Hired
296,435,34,2025-10-09,Offered,Offered
297,169,19,2025-08-03,Rejected,Rejected
298,354,18,2025-09-29,Interviewed,Interviewed
299,288,43,2025-08-06,Interviewed,Interviewed
300,441,30,2025-07-05,Offered,Offered
301,97,49,2025-06-09,Rejected,Rejected
302,42,20,2025-06-20,Shortlisted,Shortlisted
303,289,25,2025-08-09,Rejected,Rejected
304,313,50,2025-08-24,Hired,Hired
305,109,30,2025-09-24,Hired,Hired
306,236,49,2025-08-26,Shortlisted,Shortlisted
307,214,1,2025-09-13,Hired,Hired
308,220,15,2025-08-14,Shortlisted,Shortlisted
309,247,29,2025-10-09,Shortlisted,Shortlisted
310,454,47,2025-06-08,Applied,Applied
311,209,15,2025-10-02,Interviewed,Interviewed
312,185,33,2025-09-04,Interviewed,Interviewed
313,277,17,2025-09-08,Rejected,Rejected
314,244,8,2025-06-28,Rejected,Rejected
315,291,43,2025-08-03,Hired,Hired
316,259,17,2025-10-05,Applied,Applied
317,67,5,2025-07-05,Offered,Offered
318,37,5,2025-07-14,Applied,Applied
319,216,44,2025-08-23,Interviewed,Interviewed
320,238,8,2025-08-19,Rejected,Rejected
321,470,10,2025-05-29,Rejected,Rejected
322,387,26,2025-05-18,Shortlisted,Shortlisted
323,218,26,2025-07-04,Shortlisted,Shortlisted
324,334,31,2025-07-17,Applied,Applied
325,113,7,2025-08-11,Shortlisted,Shortlisted
326,101,28,2025-08-23,Shortlisted,Shortlisted
327,289,43,2025-07-22,Shortlisted,Shortlisted
328,133,27,2025-08-30,Hired,Hired
329,225,46,2025-07-29,Offered,Offered
330,186,21,2025-06-02,Applied,Applied
331,248,10,2025-07-22,Rejected,Rejected
332,1,40,2025-07-02,Interviewed,Interviewed
333,57,3,2025-07-15,Interviewed,Interviewed
334,369,50,2025-05-24,Applied,Applied
335,318,37,2025-06-10,Hired,Hired
336,343,46,2025-09-12,Interviewed,Interviewed
337,359,18,2025-06-05,Offered,Offered
338,490,6,2025-09-03,Offered,Offered
339,272,43,2025-06-03,Shortlisted,Shortlisted
340,103,41,2025-06-10,Applied,Applied
341,195,7,2025-09-10,Hired,Hired
342,133,22,2025-07-13,Applied,Applied
343,417,29,2025-07-02,Offered,Offered
344,17,31,2025-09-14,Interviewed,Interviewed
345,149,43,2025-09-12,Rejected,Rejected
346,14,46,2025-08-21,Applied,Applied
347,54,10,2025-05-20,Rejected,Rejected
348,122,20,2025-07-15,Applied,Applied
349,29,20,2025-06-26,Applied,Applied
350,99,3,2025-07-01,Applied,Applied
351,316,22,2025-09-28,Hired,Hired
352,384,7,2025-08-25,Offered,Offered
353,102,43,2025-10-09,Hired,Hired
354,68,26,2025-08-30,Hired,Hired
355,324,48,2025-09-04,Interviewed,Interviewed
356,391,34,2025-06-24,Applied,Applied
357,304,33,2025-08-26,Hired,Hired
358,110,39,2025-09-13,Rejected,Rejected
359,420,1,2025-06-26,Shortlisted,Shortlisted
360,138,40,2025-08-14,Interviewed,Interviewed
361,199,39,2025-06-10,Hired,Hired
362,205,49,2025-07-13,Applied,Applied
363,21,21,2025-09-20,Rejected,Rejected
364,390,28,2025-07-19,Shortlisted,Shortlisted
365,161,41,2025-07-22,Applied,Applied
366,127,49,2025-05-20,Applied,Applied
367,336,13,2025-07-03,Rejected,Rejected
368,286,12,2025-07-01,Applied,Applied
369,333,17,2025-07-29,Applied,Applied
370,277,20,2025-06-22,Applied,Applied
371,382,15,2025-07-18,Interviewed,Interviewed
372,160,38,2025-09-05,Applied,Applied
373,72,5,2025-05-30,Rejected,Rejected
374,231,29,2025-09-25,Applied,Applied
375,374,9,2025-08-09,Hired,Hired
376,200,30,2025-09-29,Applied,Applied
377,63,44,2025-07-12,Applied,Applied
378,243,34,2025-07-08,Offered,Offered
379,435,45,2025-08-09,Shortlisted,Shortlisted
380,290,49,2025-07-15,Applied,Applied
381,86,31,2025-08-02,Shortlisted,Shortlisted
382,358,24,2025-05-30,Applied,Applied
383,468,28,2025-09-01,Hired,Hired
384,67,37,2025-09-18,Offered,Offered
385,70,34,2025-07-27,Shortlisted,Shortlisted
386,294,31,2025-10-06,Hired,Hired
387,438,1,2025-08-05,Offered,Offered
388,44,19,2025-07-16,Applied,Applied
389,409,38,2025-06-21,Offered,Offered
390,129,38,2025-06-18,Applied,Applied
391,36,46,2025-06-06,Rejected,Rejected
392,100,27,2025-08-02,Hired,Hired
393,10,29,2025-08-25,Applied,Applied
394,64,46,2025-06-09,Offered,Offered
395,416,34,2025-08-09,Interviewed,Interviewed
396,302,48,2025-09-03,Offered,Offered
397,417,38,2025-06-27,Hired,Hired
398,210,20,2025-08-15,Shortlisted,Shortlisted
399,300,43,2025-09-24,Applied,Applied
400,54,4,2025-06-18,Offered,Offered
401,2,47,2025-06-02,Interviewed,Interviewed
402,155,19,2025-09-28,Applied,Applied
403,128,9,2025-06-16,Rejected,Rejected
404,475,34,2025-07-17,Offered,Offered
405,289,23,2025-08-26,Offered,Offered
406,70,49,2025-06-16,Interviewed,Interviewed
407,235,38,2025-09-07,Hired,Hired
408,494,2,2025-07-06,Shortlisted,Shortlisted
409,31,34,2025-08-16,Hired,Hired
410,168,12,2025-09-12,Applied,Applied
411,11,36,2025-06-10,Applied,Applied
412,481,47,2025-09-24,Shortlisted,Shortlisted
413,73,31,2025-08-18,Offered,Offered
414,196,21,2025-06-19,Shortlisted,Shortlisted
415,151,45,2025-07-02,Hired,Hired
416,307,15,2025-08-10,Shortlisted,Shortlisted
417,139,13,2025-06-20,Hired,Hired
418,34,20,2025-08-16,Hired,Hired
419,213,22,2025-07-05,Hired,Hired
420,223,24,2025-07-15,Offered,Offered
421,322,8,2025-07-26,Offered,Offered
422,218,31,2025-06-05,Interviewed,Interviewed
423,231,34,2025-06-02,Interviewed,Interviewed
424,250,2,2025-05-29,Shortlisted,Shortlisted
425,37,42,2025-08-04,Rejected,Rejected
426,369,30,2025-09-30,Offered,Offered
427,311,2,2025-06-02,Applied,Applied
428,186,10,2025-07-07,Hired,Hired
429,77,20,2025-06-01,Rejected,Rejected
430,142,10,2025-10-03,Interviewed,Interviewed
431,70,50,2025-08-25,Hired,Hired
432,207,21,2025-07-02,Offered,Offered
433,157,39,2025-09-30,Shortlisted,Shortlisted
434,271,44,2025-09-21,Interviewed,Interviewed
435,128,13,2025-10-04,Interviewed,Interviewed
436,316,41,2025-06-20,Applied,Applied
437,16,8,2025-08-24,Hired,Hired
438,7,46,2025-10-08,Interviewed,Interviewed
439,375,30,2025-09-13,Offered,Offered
440,467,14,2025-06-09,Interviewed,Interviewed
441,31,11,2025-08-14,Shortlisted,Shortlisted
442,211,28,2025-07-10,Shortlisted,Shortlisted
443,325,8,2025-07-26,Shortlisted,Shortlisted
444,418,44,2025-09-22,Hired,Hired
445,314,11,2025-09-17,Shortlisted,Shortlisted
446,68,10,2025-08-27,Hired,Hired
447,377,42,2025-08-01,Rejected,Rejected
448,426,6,2025-07-02,Rejected,Rejected
449,140,42,2025-07-07,Shortlisted,Shortlisted
450,261,31,2025-06-30,Interviewed,Interviewed
451,159,41,2025-06-30,Offered,Offered
452,48,46,2025-06-03,Offered,Offered
453,54,28,2025-06-21,Interviewed,Interviewed
454,257,4,2025-10-06,Interviewed,Interviewed
455,449,49,2025-09-19,Interviewed,Interviewed
456,209,23,2025-07-06,Applied,Applied
457,497,1,2025-09-02,Interviewed,Interviewed
458,459,11,2025-06-07,Applied,Applied
459,148,4,2025-09-16,Applied,Applied
460,127,9,2025-10-04,Applied,Applied
461,218,45,2025-08-22,Shortlisted,Shortlisted
462,287,24,2025-09-03,Shortlisted,Shortlisted
463,364,23,2025-07-05,Hired,Hired
464,420,39,2025-10-09,Applied,Applied
465,339,50,2025-08-04,Hired,Hired
466,345,46,2025-10-01,Offered,Offered
467,299,21,2025-06-30,Rejected,Rejected
468,382,20,2025-08-19,Hired,Hired
469,288,15,2025-05-28,Hired,Hired
470,94,23,2025-07-23,Shortlisted,Shortlisted
471,41,6,2025-09-27,Offered,Offered
472,262,46,2025-08-18,Hired,Hired
473,363,35,2025-09-02,Shortlisted,Shortlisted
474,317,33,2025-06-03,Hired,Hired
475,247,32,2025-06-06,Offered,Offered
476,226,50,2025-05-29,Rejected,Rejected
477,365,5,2025-09-18,Interviewed,Interviewed
478,394,49,2025-06-15,Shortlisted,Shortlisted
479,494,33,2025-09-23,Hired,Hired
480,320,27,2025-09-12,Shortlisted,Shortlisted
481,9,1,2025-06-06,Rejected,Rejected
482,250,18,2025-07-03,Hired,Hired
483,168,3,2025-07-02,Applied,Applied
484,400,25,2025-06-07,Interviewed,Interviewed
485,429,43,2025-07-08,Shortlisted,Shortlisted
486,328,33,2025-10-03,Shortlisted,Shortlisted
487,385,40,2025-06-25,Applied,Applied
488,426,7,2025-07-12,Applied,Applied
489,253,35,2025-07-04,Rejected,Rejected
490,419,10,2025-09-13,Interviewed,Interviewed
491,24,39,2025-06-24,Applied,Applied
492,304,6,2025-07-04,Shortlisted,Shortlisted
493,115,37,2025-08-25,Interviewed,Interviewed
494,224,10,2025-05-19,Hired,Hired
495,259,13,2025-09-26,Offered,Offered
496,365,37,2025-08-18,Rejected,Rejected
497,478,25,2025-07-22,Interviewed,Interviewed
498,318,6,2025-06-24,Interviewed,Interviewed
499,64,8,2025-07-31,Hired,Hired
500,115,28,2025-05-30,Offered,Offered
501,141,10,2025-08-09,Hired,Hired
502,366,6,2025-09-08,Hired,Hired
503,358,22,2025-06-02,Hired,Hired
504,476,2,2025-08-06,Interviewed,Interviewed
505,160,24,2025-09-05,Interviewed,Interviewed
506,370,23,2025-07-04,Interviewed,Interviewed
507,478,46,2025-09-12,Offered,Offered
508,294,9,2025-07-01,Hired,Hired
509,165,43,2025-06-10,Hired,Hired
510,82,38,2025-06-14,Shortlisted,Shortlisted
511,109,50,2025-08-18,Hired,Hired
512,389,48,2025-09-27,Interviewed,Interviewed
513,309,9,2025-10-07,Rejected,Rejected
514,197,42,2025-07-17,Applied,Applied
515,429,7,2025-10-06,Shortlisted,Shortlisted
516,332,14,2025-07-05,Applied,Applied
517,429,36,2025-08-28,Interviewed,Interviewed
518,338,3,2025-06-29,Shortlisted,Shortlisted
519,339,23,2025-06-27,Hired,Hired
520,300,47,2025-06-15,Offered,Offered
521,73,35,2025-08-11,Applied,Applied
522,277,19,2025-05-24,Applied,Applied
523,467,50,2025-09-18,Applied,Applied
524,296,26,2025-07-16,Interviewed,Interviewed
525,2,4,2025-09-10,Offered,Offered
526,139,23,2025-07-10,Hired,Hired
527,356,30,2025-06-02,Applied,Applied
528,33,50,2025-08-29,Offered,Offered
529,419,17,2025-07-09,Applied,Applied
530,81,20,2025-09-29,Rejected,Rejected
531,369,48,2025-07-14,Shortlisted,Shortlisted
532,146,49,2025-09-03,Rejected,Rejected
533,157,17,2025-08-30,Shortlisted,Shortlisted
534,371,18,2025-09-28,Shortlisted,Shortlisted
535,7,11,2025-08-05,Applied,Applied
536,12,13,2025-09-23,Interviewed,Interviewed
537,13,9,2025-06-17,Hired,Hired
538,117,37,2025-06-28,Shortlisted,Shortlisted
539,123,1,2025-08-25,Offered,Offered
540,35,14,2025-06-06,Applied,Applied
541,247,2,2025-07-14,Offered,Offered
542,121,12,2025-08-26,Hired,Hired
543,479,41,2025-08-25,Hired,Hired
544,475,36,2025-09-02,Rejected,Rejected
545,212,7,2025-08-31,Offered,Offered
546,74,4,2025-07-01,Rejected,Rejected
547,198,36,2025-09-28,Hired,Hired
548,378,3,2025-06-28,Rejected,Rejected
549,248,3,2025-05-27,Applied,Applied
550,307,3,2025-06-24,Applied,Applied
551,313,48,2025-08-08,Applied,Applied
552,420,33,2025-08-22,Offered,Offered
553,50,42,2025-09-16,Hired,Hired
554,340,49,2025-06-23,Interviewed,Interviewed
555,297,37,2025-07-22,Interviewed,Interviewed
556,136,33,2025-06-13,Shortlisted,Shortlisted
557,259,15,2025-09-22,Rejected,Rejected
558,303,40,2025-08-07,Rejected,Rejected
559,381,27,2025-08-11,Applied,Applied
560,355,1,2025-07-25,Offered,Offered
561,303,12,2025-06-29,Applied,Applied
562,495,36,2025-08-14,Interviewed,Interviewed
563,142,29,2025-06-03,Hired,Hired
564,78,5,2025-09-09,Rejected,Rejected
565,115,18,2025-09-26,Rejected,Rejected
566,436,49,2025-06-16,Offered,Offered
567,82,14,2025-08-13,Rejected,Rejected
568,72,1,2025-08-18,Shortlisted,Shortlisted
569,223,1,2025-08-25,Rejected,Rejected
570,498,13,2025-07-05,Interviewed,Interviewed
571,191,25,2025-05-22,Hired,Hired
572,454,28,2025-06-24,Shortlisted,Shortlisted
573,488,3,2025-07-27,Hired,Hired
574,314,6,2025-08-05,Rejected,Rejected
575,99,17,2025-07-06,Offered,Offered
576,1,30,2025-06-27,Rejected,Rejected
577,121,15,2025-07-23,Shortlisted,Shortlisted
578,342,31,2025-08-03,Rejected,Rejected
579,291,45,2025-09-22,Applied,Applied
580,302,43,2025-07-02,Interviewed,Interviewed
581,97,33,2025-06-23,Rejected,Rejected
582,271,38,2025-09-11,Applied,Applied
583,446,26,2025-08-25,Shortlisted,Shortlisted
584,287,5,2025-10-01,Shortlisted,Shortlisted
585,221,26,2025-07-13,Shortlisted,Shortlisted
586,378,32,2025-09-13,Hired,Hired
587,174,14,2025-09-09,Interviewed,Interviewed
588,138,34,2025-09-24,Interviewed,Interviewed
589,330,49,2025-08-28,Rejected,Rejected
590,216,28,2025-07-14,Rejected,Rejected
591,376,21,2025-09-18,Hired,Hired
592,241,23,2025-07-26,Shortlisted,Shortlisted
593,287,42,2025-09-20,Applied,Applied
594,201,35,2025-10-01,Offered,Offered
595,213,22,2025-09-04,Offered,Offered
596,5,14,2025-08-20,Shortlisted,Shortlisted
597,417,18,2025-06-02,Applied,Applied
598,302,28,2025-06-08,Hired,Hired
599,216,11,2025-08-20,Rejected,Rejected
600,29,13,2025-08-06,Shortlisted,Shortlisted
601,379,7,2025-09-07,Hired,Hired
602,365,24,2025-09-30,Applied,Applied
603,468,39,2025-09-12,Rejected,Rejected
604,468,39,2025-05-22,Shortlisted,Shortlisted
605,54,28,2025-05-25,Interviewed,Interviewed
606,313,27,2025-09-09,Hired,Hired
607,481,46,2025-05-24,Rejected,Rejected
608,354,14,2025-07-17,Offered,Offered
609,156,31,2025-10-06,Rejected,Rejected
610,432,17,2025-08-02,Rejected,Rejected
611,373,49,2025-07-09,Rejected,Rejected
612,73,10,2025-07-30,Offered,Offered
613,422,34,2025-08-02,Rejected,Rejected
614,473,16,2025-08-16,Applied,Applied
615,178,20,2025-09-30,Applied,Applied
616,28,47,2025-07-02,Rejected,Rejected
617,195,9,2025-09-09,Applied,Applied
618,306,45,2025-09-25,Offered,Offered
619,227,33,2025-09-18,Shortlisted,Shortlisted
620,300,43,2025-09-06,Hired,Hired
621,122,29,2025-06-10,Rejected,Rejected
622,80,47,2025-08-09,Rejected,Rejected
623,163,19,2025-07-11,Offered,Offered
624,122,46,2025-07-13,Shortlisted,Shortlisted
625,28,13,2025-06-27,Applied,Applied
626,390,31,2025-07-05,Offered,Offered
627,47,6,2025-06-13,Shortlisted,Shortlisted
628,381,16,2025-10-08,Interviewed,Interviewed
629,271,32,2025-10-05,Hired,Hired
630,60,38,2025-07-24,Interviewed,Interviewed
631,373,49,2025-06-22,Hired,Hired
632,498,32,2025-08-12,Interviewed,Interviewed
633,157,37,2025-08-21,Shortlisted,Shortlisted
634,149,3,2025-09-11,Interviewed,Interviewed
635,294,30,2025-09-04,Shortlisted,Shortlisted
636,186,35,2025-07-15,Shortlisted,Shortlisted
637,466,13,2025-10-04,Applied,Applied
638,149,34,2025-09-12,Offered,Offered
639,359,18,2025-09-29,Applied,Applied
640,269,1,2025-06-17,Shortlisted,Shortlisted
641,409,37,2025-07-13,Shortlisted,Shortlisted
642,11,30,2025-06-18,Interviewed,Interviewed
643,344,26,2025-08-31,Interviewed,Interviewed
644,138,48,2025-07-07,Interviewed,Interviewed
645,430,43,2025-08-20,Interviewed,Interviewed
646,67,36,2025-06-23,Offered,Offered
647,246,2,2025-07-16,Hired,Hired
648,494,21,2025-09-28,Interviewed,Interviewed
649,325,26,2025-06-04,Hired,Hired
650,311,10,2025-06-15,Offered,Offered
651,345,30,2025-07-07,Interviewed,Interviewed
652,308,23,2025-05-23,Rejected,Rejected
653,324,23,2025-07-13,Hired,Hired
654,448,14,2025-09-26,Offered,Offered
655,134,11,2025-07-16,Applied,Applied
656,260,48,2025-09-07,Offered,Offered
657,277,8,2025-09-28,Applied,Applied
658,277,12,2025-08-23,Applied,Applied
659,266,47,2025-07-15,Shortlisted,Shortlisted
660,294,46,2025-05-27,Interviewed,Interviewed
661,491,17,2025-08-28,Hired,Hired
662,469,3,2025-06-02,Offered,Offered
663,459,11,2025-09-16,Interviewed,Interviewed
664,417,41,2025-06-29,Hired,Hired
665,112,16,2025-09-20,Rejected,Rejected
666,344,27,2025-08-01,Offered,Offered
667,443,29,2025-07-27,Offered,Offered
668,192,23,2025-07-13,Rejected,Rejected
669,39,47,2025-06-29,Shortlisted,Shortlisted
670,342,46,2025-10-03,Offered,Offered
671,348,41,2025-06-05,Applied,Applied
672,85,31,2025-06-19,Applied,Applied
673,491,1,2025-07-10,Applied,Applied
674,385,37,2025-07-21,Hired,Hired
675,251,14,2025-08-26,Rejected,Rejected
676,321,24,2025-09-11,Hired,Hired
677,332,26,2025-09-20,Applied,Applied
678,167,37,2025-06-12,Shortlisted,Shortlisted
679,310,27,2025-08-24,Shortlisted,Shortlisted
680,260,24,2025-07-11,Offered,Offered
681,2,19,2025-08-21,Shortlisted,Shortlisted
682,466,32,2025-05-20,Rejected,Rejected
683,356,14,2025-07-21,Applied,Applied
684,348,3,2025-07-27,Offered,Offered
685,406,26,2025-06-23,Hired,Hired
686,353,25,2025-07-12,Hired,Hired
687,370,29,2025-06-27,Interviewed,Interviewed
688,461,48,2025-08-27,Shortlisted,Shortlisted
689,320,6,2025-09-21,Hired,Hired
690,180,24,2025-09-09,Hired,Hired
691,142,26,2025-08-04,Interviewed,Interviewed
692,474,49,2025-08-20,Rejected,Rejected
693,437,12,2025-08-08,Offered,Offered
694,26,14,2025-08-30,Interviewed,Interviewed
695,316,47,2025-07-30,Interviewed,Interviewed
696,3,4,2025-08-22,Rejected,Rejected
697,142,25,2025-09-07,Hired,Hired
698,158,41,2025-07-02,Hired,Hired
699,214,36,2025-10-04,Offered,Offered
700,277,7,2025-08-21,Applied,Applied
701,70,45,2025-06-15,Rejected,Rejected
702,121,37,2025-09-06,Hired,Hired
703,115,30,2025-05-21,Rejected,Rejected
704,292,30,2025-10-02,Shortlisted,Shortlisted
705,426,5,2025-07-21,Offered,Offered
706,316,4,2025-08-15,Interviewed,Interviewed
707,188,3,2025-06-23,Interviewed,Interviewed
708,390,9,2025-07-23,Offered,Offered
709,348,34,2025-05-23,Offered,Offered
710,222,37,2025-09-19,Interviewed,Interviewed
711,413,42,2025-07-17,Hired,Hired
712,352,9,2025-06-20,Shortlisted,Shortlisted
713,443,44,2025-05-30,Offered,Offered
714,55,32,2025-06-12,Applied,Applied
715,398,29,2025-09-08,Rejected,Rejected
716,383,11,2025-07-10,Offered,Offered
717,42,15,2025-10-07,Hired,Hired
718,400,12,2025-08-19,Hired,Hired
719,148,43,2025-07-19,Rejected,Rejected
720,158,36,2025-10-05,Shortlisted,Shortlisted
721,341,33,2025-06-07,Offered,Offered
722,400,8,2025-06-16,Shortlisted,Shortlisted
723,108,3,2025-06-09,Rejected,Rejected
724,383,3,2025-08-16,Interviewed,Interviewed
725,469,11,2025-07-28,Interviewed,Interviewed
726,306,48,2025-08-13,Rejected,Rejected
727,8,44,2025-09-03,Hired,Hired
728,182,45,2025-07-04,Rejected,Rejected
729,279,42,2025-06-22,Applied,Applied
730,352,8,2025-08-31,Shortlisted,Shortlisted
731,137,27,2025-06-20,Hired,Hired
732,477,27,2025-06-14,Rejected,Rejected
733,191,31,2025-07-31,Shortlisted,Shortlisted
734,461,1,2025-08-07,Rejected,Rejected
735,241,11,2025-09-28,Rejected,Rejected
736,250,31,2025-05-26,Hired,Hired
737,348,5,2025-08-28,Applied,Applied
738,131,13,2025-07-29,Shortlisted,Shortlisted
739,132,7,2025-08-26,Interviewed,Interviewed
740,366,8,2025-10-05,Rejected,Rejected
741,463,2,2025-07-26,Rejected,Rejected
742,288,3,2025-05-22,Interviewed,Interviewed
743,461,26,2025-06-06,Offered,Offered
744,315,14,2025-06-07,Shortlisted,Shortlisted
745,438,20,2025-08-03,Applied,Applied
746,124,28,2025-05-27,Rejected,Rejected
747,282,48,2025-09-15,Hired,Hired
748,464,48,2025-08-07,Offered,Offered
749,19,34,2025-08-22,Rejected,Rejected
750,386,40,2025-06-20,Hired,Hired
751,224,45,2025-05-18,Shortlisted,Shortlisted
752,113,8,2025-10-05,Interviewed,Interviewed
753,339,12,2025-05-30,Interviewed,Interviewed
754,367,41,2025-05-29,Hired,Hired
755,442,23,2025-07-09,Shortlisted,Shortlisted
756,376,12,2025-09-28,Rejected,Rejected
757,166,50,2025-09-01,Hired,Hired
758,133,32,2025-06-24,Shortlisted,Shortlisted
759,446,39,2025-07-13,Applied,Applied
760,126,29,2025-07-24,Applied,Applied
761,173,2,2025-07-15,Hired,Hired
762,449,42,2025-05-26,Interviewed,Interviewed
763,359,16,2025-09-17,Offered,Offered
764,406,36,2025-07-20,Rejected,Rejected
765,98,8,2025-06-25,Rejected,Rejected
766,200,10,2025-09-06,Shortlisted,Shortlisted
767,79,19,2025-09-19,Offered,Offered
768,141,40,2025-07-12,Shortlisted,Shortlisted
769,335,30,2025-08-20,Offered,Offered
770,112,3,2025-09-15,Rejected,Rejected
771,421,44,2025-09-15,Applied,Applied
772,333,12,2025-08-10,Shortlisted,Shortlisted
773,160,5,2025-07-14,Hired,Hired
774,289,21,2025-10-04,Rejected,Rejected
775,203,6,2025-08-29,Hired,Hired
776,184,40,2025-05-19,Shortlisted,Shortlisted
777,247,44,2025-09-02,Hired,Hired
778,325,1,2025-06-14,Interviewed,Interviewed
779,473,46,2025-08-09,Shortlisted,Shortlisted
780,36,15,2025-07-19,Offered,Offered
781,120,15,2025-10-04,Offered,Offered
782,141,13,2025-09-28,Shortlisted,Shortlisted
783,36,8,2025-09-01,Hired,Hired
784,442,41,2025-08-31,Hired,Hired
785,323,26,2025-09-20,Shortlisted,Shortlisted
786,392,50,2025-05-20,Interviewed,Interviewed
787,93,1,2025-07-27,Shortlisted,Shortlisted
788,396,4,2025-05-18,Rejected,Rejected
789,137,35,2025-07-26,Shortlisted,Shortlisted
790,277,10,2025-06-30,Interviewed,Interviewed
791,197,27,2025-05-27,Offered,Offered
792,227,49,2025-06-12,Rejected,Rejected
793,467,13,2025-08-01,Shortlisted,Shortlisted
794,38,35,2025-10-07,Applied,Applied
795,292,9,2025-07-27,Hired,Hired
796,346,18,2025-09-27,Hired,Hired
797,375,19,2025-09-11,Interviewed,Interviewed
798,228,15,2025-08-25,Shortlisted,Shortlisted
799,117,30,2025-10-03,Hired,Hired
800,76,26,2025-06-16,Hired,Hired
801,318,13,2025-06-23,Hired,Hired
802,164,33,2025-09-21,Rejected,Rejected
803,496,34,2025-06-20,Shortlisted,Shortlisted
804,55,18,2025-06-03,Applied,Applied
805,131,19,2025-09-10,Shortlisted,Shortlisted
806,358,3,2025-05-21,Shortlisted,Shortlisted
807,196,22,2025-08-24,Offered,Offered
808,23,50,2025-06-30,Shortlisted,Shortlisted
809,447,34,2025-08-25,Shortlisted,Shortlisted
810,356,39,2025-08-08,Interviewed,Interviewed
811,368,6,2025-08-03,Interviewed,Interviewed
812,296,29,2025-06-07,Offered,Offered
813,75,23,2025-06-24,Interviewed,Interviewed
814,310,44,2025-08-15,Shortlisted,Shortlisted
815,307,44,2025-07-05,Rejected,Rejected
816,297,44,2025-09-28,Shortlisted,Shortlisted
817,171,44,2025-09-16,Hired,Hired
818,293,47,2025-08-12,Hired,Hired
819,221,44,2025-08-17,Hired,Hired
820,333,50,2025-07-28,Rejected,Rejected
821,236,41,2025-06-18,Shortlisted,Shortlisted
822,60,17,2025-09-14,Applied,Applied
823,314,7,2025-09-28,Shortlisted,Shortlisted
824,230,12,2025-07-17,Hired,Hired
825,395,7,2025-09-30,Shortlisted,Shortlisted
826,47,41,2025-07-06,Offered,Offered
827,489,32,2025-09-11,Offered,Offered
828,212,3,2025-07-30,Interviewed,Interviewed
829,278,36,2025-08-11,Hired,Hired
830,196,12,2025-08-16,Offered,Offered
831,106,7,2025-09-04,Interviewed,Interviewed
832,371,1,2025-09-26,Rejected,Rejected
833,58,41,2025-08-13,Rejected,Rejected
834,304,37,2025-07-02,Interviewed,Interviewed
835,398,11,2025-06-25,Offered,Offered
836,25,33,2025-07-25,Shortlisted,Shortlisted
837,99,2,2025-07-01,Hired,Hired
838,331,6,2025-07-28,Hired,Hired
839,253,16,2025-08-05,Rejected,Rejected
840,235,36,2025-08-18,Applied,Applied
841,65,22,2025-06-05,Interviewed,Interviewed
842,499,15,2025-06-18,Applied,Applied
843,121,42,2025-06-12,Interviewed,Interviewed
844,92,25,2025-08-16,Shortlisted,Shortlisted
845,202,9,2025-09-21,Shortlisted,Shortlisted
846,68,26,2025-06-13,Applied,Applied
847,124,7,2025-09-12,Hired,Hired
848,263,30,2025-05-25,Offered,Offered
849,223,5,2025-06-29,Interviewed,Interviewed
850,393,4,2025-09-26,Interviewed,Interviewed
851,298,34,2025-06-19,Interviewed,Interviewed
852,407,14,2025-07-20,Offered,Offered
853,84,1,2025-07-17,Interviewed,Interviewed
854,288,30,2025-09-13,Rejected,Rejected
855,371,48,2025-09-15,Applied,Applied
856,15,15,2025-07-09,Offered,Offered
857,356,45,2025-07-24,Rejected,Rejected
858,40,48,2025-06-19,Interviewed,Interviewed
859,103,29,2025-08-01,Interviewed,Interviewed
860,225,31,2025-08-31,Rejected,Rejected
861,156,11,2025-09-27,Shortlisted,Shortlisted
862,247,24,2025-07-11,Shortlisted,Shortlisted
863,285,23,2025-06-01,Applied,Applied
864,481,22,2025-07-31,Applied,Applied
865,227,23,2025-09-13,Shortlisted,Shortlisted
866,445,37,2025-09-18,Hired,Hired
867,353,37,2025-05-31,Rejected,Rejected
868,7,41,2025-08-23,Shortlisted,Shortlisted
869,219,28,2025-08-23,Shortlisted,Shortlisted
870,220,50,2025-07-10,Interviewed,Interviewed
871,296,36,2025-07-04,Shortlisted,Shortlisted
872,353,22,2025-06-18,Applied,Applied
873,179,42,2025-08-12,Offered,Offered
874,162,23,2025-06-09,Applied,Applied
875,440,12,2025-09-09,Hired,Hired
876,36,16,2025-07-21,Shortlisted,Shortlisted
877,333,38,2025-06-23,Interviewed,Interviewed
878,229,17,2025-05-20,Hired,Hired
879,453,8,2025-07-13,Rejected,Rejected
880,480,1,2025-09-23,Applied,Applied
881,418,26,2025-08-22,Interviewed,Interviewed
882,316,1,2025-06-22,Applied,Applied
883,415,22,2025-10-08,Rejected,Rejected
884,50,11,2025-09-29,Hired,Hired
885,285,13,2025-06-23,Shortlisted,Shortlisted
886,107,35,2025-06-22,Interviewed,Interviewed
887,295,37,2025-08-13,Hired,Hired
888,27,30,2025-07-25,Rejected,Rejected
889,1,43,2025-10-07,Hired,Hired
890,90,18,2025-09-15,Interviewed,Interviewed
891,18,17,2025-06-13,Hired,Hired
892,332,28,2025-08-05,Applied,Applied
893,183,20,2025-08-04,Interviewed,Interviewed
894,294,33,2025-06-05,Hired,Hired
895,133,35,2025-08-16,Offered,Offered
896,259,41,2025-08-24,Applied,Applied
897,440,3,2025-06-15,Hired,Hired
898,496,22,2025-08-21,Hired,Hired
899,493,20,2025-10-05,Rejected,Rejected
900,83,11,2025-06-04,Shortlisted,Shortlisted
901,405,12,2025-08-16,Applied,Applied
902,247,35,2025-05-29,Rejected,Rejected
903,439,5,2025-08-07,Applied,Applied
904,400,21,2025-07-13,Interviewed,Interviewed
905,35,48,2025-07-28,Interviewed,Interviewed
906,104,41,2025-06-10,Offered,Offered
907,174,1,2025-09-30,Rejected,Rejected
908,490,45,2025-06-25,Hired,Hired
909,259,38,2025-06-14,Rejected,Rejected
910,406,10,2025-05-19,Offered,Offered
911,338,9,2025-05-27,Offered,Offered
912,69,32,2025-08-09,Rejected,Rejected
913,257,37,2025-08-16,Applied,Applied
914,480,36,2025-05-30,Offered,Offered
915,154,42,2025-06-12,Rejected,Rejected
916,234,30,2025-08-03,Interviewed,Interviewed
917,268,48,2025-09-04,Hired,Hired
918,430,14,2025-09-16,Hired,Hired
919,377,27,2025-06-30,Hired,Hired
920,457,20,2025-07-01,Offered,Offered
921,216,45,2025-09-05,Applied,Applied
922,411,31,2025-06-13,Hired,Hired
923,62,48,2025-09-13,Interviewed,Interviewed
924,339,42,2025-06-08,Applied,Applied
925,113,17,2025-09-10,Rejected,Rejected
926,196,5,2025-08-01,Interviewed,Interviewed
927,265,22,2025-05-24,Interviewed,Interviewed
928,465,27,2025-06-08,Hired,Hired
929,351,35,2025-07-20,Rejected,Rejected
930,322,12,2025-05-24,Shortlisted,Shortlisted
931,28,16,2025-09-17,Rejected,Rejected
932,19,38,2025-05-23,Offered,Offered
933,420,41,2025-05-29,Offered,Offered
934,316,5,2025-05-24,Rejected,Rejected
935,152,24,2025-09-26,Rejected,Rejected
936,170,46,2025-06-02,Interviewed,Interviewed
937,381,14,2025-08-22,Applied,Applied
938,284,38,2025-07-22,Applied,Applied
939,150,21,2025-06-14,Rejected,Rejected
940,144,42,2025-08-26,Rejected,Rejected
941,38,5,2025-08-30,Offered,Offered
942,110,50,2025-10-03,Rejected,Rejected
943,379,34,2025-10-06,Shortlisted,Shortlisted
944,385,4,2025-07-25,Rejected,Rejected
945,397,49,2025-06-22,Hired,Hired
946,423,7,2025-05-31,Shortlisted,Shortlisted
947,323,43,2025-06-01,Rejected,Rejected
948,297,31,2025-07-29,Interviewed,Interviewed
949,401,25,2025-07-22,Hired,Hired
950,395,34,2025-05-26,Shortlisted,Shortlisted
951,136,13,2025-06-15,Offered,Offered
952,424,15,2025-07-20,Shortlisted,Shortlisted
953,311,2,2025-09-27,Shortlisted,Shortlisted
954,61,20,2025-05-22,Interviewed,Interviewed
955,348,7,2025-09-19,Rejected,Rejected
956,82,26,2025-06-15,Offered,Offered
957,172,41,2025-09-30,Interviewed,Interviewed
958,354,49,2025-10-03,Offered,Offered
959,215,6,2025-08-27,Rejected,Rejected
960,422,11,2025-06-26,Shortlisted,Shortlisted
961,350,11,2025-07-03,Rejected,Rejected
962,415,48,2025-06-17,Interviewed,Interviewed
963,324,1,2025-06-10,Interviewed,Interviewed
964,389,36,2025-07-09,Shortlisted,Shortlisted
965,93,49,2025-10-07,Shortlisted,Shortlisted
966,129,45,2025-08-17,Shortlisted,Shortlisted
967,67,28,2025-07-16,Applied,Applied
968,476,49,2025-06-08,Offered,Offered
969,242,5,2025-08-18,Rejected,Rejected
970,394,21,2025-08-29,Offered,Offered
971,339,7,2025-09-30,Hired,Hired
972,344,12,2025-06-14,Applied,Applied
973,71,20,2025-09-08,Applied,Applied
974,391,8,2025-07-10,Rejected,Rejected
975,156,9,2025-09-28,Hired,Hired
976,141,13,2025-05-18,Rejected,Rejected
977,465,30,2025-08-25,Shortlisted,Shortlisted
978,125,50,2025-08-01,Applied,Applied
979,471,43,2025-09-19,Rejected,Rejected
980,174,5,2025-08-15,Shortlisted,Shortlisted
981,5,32,2025-07-27,Rejected,Rejected
982,484,30,2025-07-10,Rejected,Rejected
983,408,25,2025-08-10,Offered,Offered
984,153,38,2025-06-01,Hired,Hired
985,332,5,2025-08-08,Offered,Offered
986,40,34,2025-06-20,Offered,Offered
987,397,16,2025-06-18,Rejected,Rejected
988,281,42,2025-10-04,Hired,Hired
989,322,49,2025-08-28,Applied,Applied
990,451,18,2025-05-23,Hired,Hired
991,168,5,2025-06-03,Shortlisted,Shortlisted
992,344,16,2025-07-15,Shortlisted,Shortlisted
993,28,26,2025-07-12,Rejected,Rejected
994,335,22,2025-06-12,Shortlisted,Shortlisted
995,126,16,2025-07-13,Offered,Offered
996,48,17,2025-08-23,Shortlisted,Shortlisted
997,268,24,2025-08-21,Offered,Offered
998,382,29,2025-05-31,Offered,Offered
999,171,45,2025-08-22,Interviewed,Interviewed
1000,250,28,2025-09-09,Offered,Offered
